{"schemaVersion":"1.0","appDefinitionTemplate":{"id":"/providers/Microsoft.PowerApps/apps/","type":"Microsoft.PowerApps/apps","tags":{"primaryDeviceWidth":"1366","primaryDeviceHeight":"768","supportsPortrait":"true","supportsLandscape":"true","primaryFormFactor":"Tablet","showStatusBar":"false","publisherVersion":"3.24092.17","minimumRequiredApiVersion":"2.2.0","hasComponent":"false","hasUnlockedComponent":"false","isUnifiedRootApp":"false","sienaVersion":"20241001T132519Z-3.24092.17.0"},"properties":{"appVersion":"2024-10-01T13:25:19Z","lifeCycleId":"Published","createdByClientVersion":{"major":3,"minor":24092,"build":17,"revision":0,"majorRevision":0,"minorRevision":0},"minClientVersion":{"major":3,"minor":24092,"build":17,"revision":0,"majorRevision":0,"minorRevision":0},"backgroundColor":"rgba(240, 98, 15, 1)","backgroundImageUri":"/5942441402600000903/Nabf56cbd-d400-46b9-8e7d-04ef287646b1-logoSmallFile","displayName":"Stopwatch","description":"","commitMessage":"","appUris":{"documentUri":{"value":"/5942441402600000903/N6efbcf63-58e3-4a76-a06b-a67cea054669-document.msapp"},"imageUris":[],"additionalUris":[{"isSolutionAware":false,"value":"/5942441402600000903/N8845a0e2-349d-4d0a-a94a-80e0f1d12107-identity.json"}]},"createdTime":"0001-01-01T00:00:00Z","lastModifiedTime":"0001-01-01T00:00:00Z","sharedGroupsCount":0,"sharedUsersCount":0,"connectionReferences":{},"databaseReferences":{},"almMode":"Environment","performanceOptimizationEnabled":false,"canConsumeAppPass":false,"enableModernRuntimeMode":false,"executionRestrictions":{"isTeamsOnly":false,"dataLossPreventionEvaluationResult":{"status":"Compliant","lastEvaluationDate":"2024-10-01T09:42:53.8619861Z","violations":[],"violationsByPolicy":[],"violationErrorMessage":"このアプリでは、次のコネクタが使用されます: 。"}}},"appType":"ClassicCanvasApp","appComponents":[]}}