{"schemaVersion":"1.0","appDefinitionTemplate":{"id":"/providers/Microsoft.PowerApps/apps/","type":"Microsoft.PowerApps/apps","tags":{"primaryDeviceWidth":"1366","primaryDeviceHeight":"768","supportsPortrait":"true","supportsLandscape":"true","primaryFormFactor":"Tablet","showStatusBar":"false","publisherVersion":"3.24092.17","minimumRequiredApiVersion":"2.2.0","hasComponent":"false","hasUnlockedComponent":"false","isUnifiedRootApp":"false","sienaVersion":"20241002T005154Z-3.24092.17.0"},"properties":{"appVersion":"2024-10-02T00:51:54Z","lifeCycleId":"Published","createdByClientVersion":{"major":3,"minor":24092,"build":17,"revision":0,"majorRevision":0,"minorRevision":0},"minClientVersion":{"major":3,"minor":24092,"build":17,"revision":0,"majorRevision":0,"minorRevision":0},"backgroundColor":"rgba(240, 98, 15, 1)","backgroundImageUri":"/5942441402600000903/Nbbb17985-da10-4932-b190-f2dc7e15bafb-logoSmallFile","displayName":"Stopwatch","description":"","commitMessage":"","appUris":{"documentUri":{"value":"/5942441402600000903/N801c2b2c-4ba5-4d0a-b9ee-a48b5749fa7f-document.msapp"},"imageUris":[],"additionalUris":[{"isSolutionAware":false,"value":"/5942441402600000903/N7d896348-634e-4e77-b58a-77e6d2caf01e-identity.json"}]},"createdTime":"0001-01-01T00:00:00Z","lastModifiedTime":"0001-01-01T00:00:00Z","sharedGroupsCount":0,"sharedUsersCount":0,"connectionReferences":{},"databaseReferences":{},"almMode":"Environment","performanceOptimizationEnabled":false,"canConsumeAppPass":false,"enableModernRuntimeMode":false,"executionRestrictions":{"isTeamsOnly":false,"dataLossPreventionEvaluationResult":{"status":"Compliant","lastEvaluationDate":"2024-10-01T09:42:53.8619861Z","violations":[],"violationsByPolicy":[],"violationErrorMessage":"このアプリでは、次のコネクタが使用されます: 。"}}},"appType":"ClassicCanvasApp","appComponents":[]}}