{"schemaVersion":"1.0","appDefinitionTemplate":{"id":"/providers/Microsoft.PowerApps/apps/","type":"Microsoft.PowerApps/apps","tags":{"primaryDeviceWidth":"1366","primaryDeviceHeight":"768","supportsPortrait":"true","supportsLandscape":"true","primaryFormFactor":"Tablet","showStatusBar":"false","publisherVersion":"3.24092.17","minimumRequiredApiVersion":"2.2.0","hasComponent":"false","hasUnlockedComponent":"false","isUnifiedRootApp":"false","sienaVersion":"20241001T223134Z-3.24092.17.0"},"properties":{"appVersion":"2024-10-01T22:31:34Z","lifeCycleId":"Published","createdByClientVersion":{"major":3,"minor":24092,"build":17,"revision":0,"majorRevision":0,"minorRevision":0},"minClientVersion":{"major":3,"minor":24092,"build":17,"revision":0,"majorRevision":0,"minorRevision":0},"backgroundColor":"rgba(240, 98, 15, 1)","backgroundImageUri":"/5942441402600000903/N747faafa-92a0-4247-af17-6effbbb3ad59-logoSmallFile","displayName":"Stopwatch","description":"","commitMessage":"","appUris":{"documentUri":{"value":"/5942441402600000903/Nffc86621-16db-48ac-9ab9-5c6ad312426f-document.msapp"},"imageUris":[],"additionalUris":[{"isSolutionAware":false,"value":"/5942441402600000903/N5eff8638-9620-499c-bfc1-e8ae7331a3e5-identity.json"}]},"createdTime":"0001-01-01T00:00:00Z","lastModifiedTime":"0001-01-01T00:00:00Z","sharedGroupsCount":0,"sharedUsersCount":0,"connectionReferences":{},"databaseReferences":{},"almMode":"Environment","performanceOptimizationEnabled":false,"canConsumeAppPass":false,"enableModernRuntimeMode":false,"executionRestrictions":{"isTeamsOnly":false,"dataLossPreventionEvaluationResult":{"status":"Compliant","lastEvaluationDate":"2024-10-01T09:42:53.8619861Z","violations":[],"violationsByPolicy":[],"violationErrorMessage":"このアプリでは、次のコネクタが使用されます: 。"}}},"appType":"ClassicCanvasApp","appComponents":[]}}